week_start_date,week_end_date,epi_year,epi_week,filename,epi_week_info,suspected_cases,confirmed_cases,probable_cases,deaths,extraction_method,extraction_timestamp,report_pdf_url
2019-12-30,2020-01-05,2020,1,2020-W01.pdf,Epi Week 01: 30 December 2019 – 05 January 2020,98,18,0,2,manual,2025-12-01T01:08:41.453333,https://ncdc.gov.ng/themes/common/files/sitreps/51a4dba0f66b926a46a6ed769617f131.pdf
2020-01-06,2020-01-12,2020,2,2020-W02.pdf,Epi Week 02: 06 – 12 January 2020,158,64,0,12,manual,2025-12-01T01:08:41.849624,https://ncdc.gov.ng/themes/common/files/sitreps/86960b34bd33ac09ceb148276d74aa9c.pdf
2020-01-13,2020-01-19,2020,3,2020-W03.pdf,Epi Week 03: 13 – 19 January 2020,159,81,0,10,manual,2025-12-01T01:08:42.252631,https://ncdc.gov.ng/themes/common/files/sitreps/f781e8e072592b37f51a19723a01cbba.pdf
2020-01-20,2020-01-26,2020,4,2020-W04.pdf,Epi Week 04: 20 – 26 January 2020,318,95,3,19,automated,2025-12-01T01:08:42.783211,https://ncdc.gov.ng/themes/common/files/sitreps/9f755119d0c6e28f2747ace79a1bb4f8.pdf
2020-01-27,2020-02-02,2020,5,2020-W05.pdf,Epi Week 05: 27 January – 02 February 2020,531,104,0,6,automated,2025-12-01T01:08:43.217629,https://ncdc.gov.ng/themes/common/files/sitreps/5d40f81a06701616c6d36bd9ae220863.pdf
2020-02-03,2020-02-09,2020,6,2020-W06.pdf,Epi Week 06: 03 – 09 February 2020,482,109,1,8,automated,2025-12-01T01:08:43.648010,https://ncdc.gov.ng/themes/common/files/sitreps/4815dcdd3549625788c318b9e176bf58.pdf
2020-02-10,2020-02-16,2020,7,2020-W07.pdf,,471,115,3,18,automated,2025-12-01T01:08:44.339493,https://ncdc.gov.ng/themes/common/files/sitreps/6972c8ce98679587edf51016e9ab4051.pdf
2020-02-17,2020-02-23,2020,8,2020-W08.pdf,Epi Week 08: 17 – 23 February 2020,456,102,0,13,automated,2025-12-01T01:08:44.750098,https://ncdc.gov.ng/themes/common/files/sitreps/eb959088c813beb00dd33053ca3a771b.pdf
2020-02-24,2020-03-01,2020,9,2020-W09.pdf,Epi Week 09: 24 February-1 March 2020,421,85,0,11,automated,2025-12-01T01:08:45.253026,https://ncdc.gov.ng/themes/common/files/sitreps/200c8e605d760e107ac9b55bd6c15955.pdf
2020-03-02,2020-03-08,2020,10,2020-W10.pdf,Epi Week 10: 02 - 08 March 2020,364,81,2,9,automated,2025-12-01T01:08:45.667156,https://ncdc.gov.ng/themes/common/files/sitreps/f9c5b3d7327f20c15c3916ff5514fb14.pdf
2020-03-09,2020-03-15,2020,11,2020-W11.pdf,Epi Week 11: 09 - 15 March 2020,319,51,0,9,automated,2025-12-01T01:08:46.070968,https://ncdc.gov.ng/themes/common/files/sitreps/bfd8f028748ff5ded5edc9c25308fdad.pdf
2020-03-16,2020-03-22,2020,12,2020-W12.pdf,"Epi Week 12: 16 - 22 March, 2020",279,28,0,3,automated,2025-12-01T01:08:46.578940,https://ncdc.gov.ng/themes/common/files/sitreps/df5a2a33c3d6ced01047f8094e3cfe51.pdf
2020-03-23,2020-03-29,2020,13,2020-W13.pdf,Epi Week 13: 23 - 29 March 2020,182,19,0,1,automated,2025-12-01T01:08:46.993649,https://ncdc.gov.ng/themes/common/files/sitreps/5b04a2042a0ed671d7b75c4aab034ac5.pdf
2020-03-30,2020-04-05,2020,14,2020-W14.pdf,Epi Week 14: 30 March - 5 April 2020,93,12,0,3,automated,2025-12-01T01:08:47.397808,https://ncdc.gov.ng/themes/common/files/sitreps/33e35c8e4838463b1590a681c01dd17a.pdf
2020-04-06,2020-04-12,2020,15,2020-W15.pdf,Epi Week 15: 6 - 12 April 2020,99,10,0,0,automated,2025-12-01T01:08:47.912077,https://ncdc.gov.ng/themes/common/files/sitreps/85003e882698f28e84669b7b434bbe25.pdf
2020-04-13,2020-04-19,2020,16,2020-W16.pdf,Epi Week 16: 13 - 19 April 2020,89,6,0,0,automated,2025-12-01T01:08:48.330247,https://ncdc.gov.ng/themes/common/files/sitreps/45e869f38d46ffa4fbb5fa3ef4b7d261.pdf
2020-04-20,2020-04-26,2020,17,2020-W17.pdf,Epi Week 17: 20 - 26 April 2020,83,8,0,0,automated,2025-12-01T01:08:48.764910,https://ncdc.gov.ng/themes/common/files/sitreps/ff1dd756935ebe6eec59c163a1c5f5bf.pdf
2020-04-27,2020-05-03,2020,18,2020-W18.pdf,Epi Week 18: 26 April – 03 May 2020,64,5,0,2,automated,2025-12-01T01:08:49.301820,https://ncdc.gov.ng/themes/common/files/sitreps/7eea856fb051a22e6a05bb223d05da24.pdf
2020-05-04,2020-05-10,2020,19,2020-W19.pdf,"Epi Week 19: 04 – 10, May 2020",72,9,0,1,automated,2025-12-01T01:08:49.731436,https://ncdc.gov.ng/themes/common/files/sitreps/ff64823449ff3e26bfe83e43b2235af4.pdf
2020-05-11,2020-05-17,2020,20,2020-W20.pdf,Epi Week 20: 11 – 17 May 2020,68,6,0,1,automated,2025-12-01T01:08:50.158575,https://ncdc.gov.ng/themes/common/files/sitreps/06257994ca1e2cdd0a35d71f29d40dbd.pdf
2020-05-18,2020-05-24,2020,21,2020-W21.pdf,Epi Week 21: 18 – 24 May 2020,80,9,0,2,automated,2025-12-01T01:08:50.677082,https://ncdc.gov.ng/themes/common/files/sitreps/3068001f2d774a60b220ff83edcbd026.pdf
2020-05-25,2020-05-31,2020,22,2020-W22.pdf,Epi Week 22: 25 – 31 May 2020,73,6,0,0,automated,2025-12-01T01:08:51.079164,https://ncdc.gov.ng/themes/common/files/sitreps/fdd6a45aaf14bcde402b723faa79bbde.pdf
2020-06-01,2020-06-07,2020,23,2020-W23.pdf,EpiWeek23:01–07June2020,91,5,0,0,automated,2025-12-01T01:08:51.640024,https://ncdc.gov.ng/themes/common/files/sitreps/0712913a0a2d4756c89fb5bc5bda636e.pdf
2020-06-08,2020-06-14,2020,24,2020-W24.pdf,Epi Week 24: 08 – 14 June 2020,74,5,0,2,automated,2025-12-01T01:08:52.207343,https://ncdc.gov.ng/themes/common/files/sitreps/ae42c89910b9085a1f55c69b65e18f39.pdf
2020-06-15,2020-06-21,2020,25,2020-W25.pdf,EpiWeek25:15–21June2020,55,5,0,2,automated,2025-12-01T01:08:53.285639,https://ncdc.gov.ng/themes/common/files/sitreps/e564228244eae79b541b01b452121d7a.pdf
2020-06-22,2020-06-28,2020,26,2020-W26.pdf,Epi Week 26: 22 – 28 June 2020,67,4,0,2,automated,2025-12-01T01:08:53.737120,https://ncdc.gov.ng/themes/common/files/sitreps/433bee475c42212be62eb375369dae44.pdf
2020-06-29,2020-07-05,2020,27,2020-W27.pdf,Epi Week 27: 29 June – 05 July 2020,52,3,0,0,automated,2025-12-01T01:08:54.291914,https://ncdc.gov.ng/themes/common/files/sitreps/5287809b9dfc61b9cbdcb11154990136.pdf
2020-07-06,2020-07-12,2020,28,2020-W28.pdf,Epi Week 28: 06 – 12 July 2020,33,3,0,0,automated,2025-12-01T01:08:54.727360,https://ncdc.gov.ng/themes/common/files/sitreps/5840d0f858f4c69977013ff849631eeb.pdf
2020-07-13,2020-07-19,2020,29,2020-W29.pdf,EpiWeek29:13–19July2020,80,5,0,1,automated,2025-12-01T01:08:55.879186,https://ncdc.gov.ng/themes/common/files/sitreps/6368e49d4561e0e029d28a7a64261e30.pdf
2020-07-20,2020-07-26,2020,30,2020-W30.pdf,EpiWeek30:20–26July2020,26,0,0,0,automated,2025-12-01T01:08:56.948231,https://ncdc.gov.ng/themes/common/files/sitreps/204cb90a1386589e37e87dbbc0d07fcb.pdf
2020-07-27,2020-08-02,2020,31,2020-W31.pdf,Epi Week 31: 27 July – 2 August 2020,46,3,0,1,automated,2025-12-01T01:08:57.395524,https://ncdc.gov.ng/themes/common/files/sitreps/933bc928fd287705a7734d7b110e1319.pdf
2020-08-03,2020-08-09,2020,32,2020-W32.pdf,Epi Week 32: 03 – 09 August 2020,56,6,0,0,automated,2025-12-01T01:08:57.950703,https://ncdc.gov.ng/themes/common/files/sitreps/861ff4b89f3ca0c716b2ea93db01c8be.pdf
2020-08-10,2020-08-16,2020,33,2020-W33.pdf,EpiWeek33:10–16August2020,33,1,0,0,automated,2025-12-01T01:08:59.029395,https://ncdc.gov.ng/themes/common/files/sitreps/23bd16a099cb5c393204b744e5a06224.pdf
2020-08-17,2020-08-23,2020,34,2020-W34.pdf,EpiWeek34:17–23August2020,47,11,0,3,automated,2025-12-01T01:09:00.099579,https://ncdc.gov.ng/themes/common/files/sitreps/ee7f9cf53ae0e4f1b696c2f4cf3eb0f9.pdf
2020-08-24,2020-08-30,2020,35,2020-W35.pdf,EpiWeek35:24–30August2020,27,2,0,0,automated,2025-12-01T01:09:01.135465,https://ncdc.gov.ng/themes/common/files/sitreps/3c70af0c8c9d636758c5d15211a39924.pdf
2020-08-31,2020-09-06,2020,36,2020-W36.pdf,,46,4,0,0,automated,2025-12-01T01:09:02.539207,https://ncdc.gov.ng/themes/common/files/sitreps/bd3b8ca5da6281d19da7c93f877370fb.pdf
2020-09-07,2020-09-13,2020,37,2020-W37.pdf,EpiWeek37:7–13September2020,47,6,0,0,automated,2025-12-01T01:09:03.604836,https://ncdc.gov.ng/themes/common/files/sitreps/0c0860d1aea6c026f30745da39f02b3a.pdf
2020-09-14,2020-09-20,2020,38,2020-W38.pdf,EpiWeek38:14–20September2020,11,4,0,1,automated,2025-12-01T01:09:04.661144,https://ncdc.gov.ng/themes/common/files/sitreps/b19d831d8a94e7d28a836805f9173816.pdf
2020-09-21,2020-09-27,2020,39,2020-W39.pdf,Epi Week 39: 21 – 27 September 2020,41,7,0,1,automated,2025-12-01T01:09:05.233586,https://ncdc.gov.ng/themes/common/files/sitreps/46ae3c66dda6ddf9248133d1c6aec38d.pdf
2020-09-28,2020-10-04,2020,40,2020-W40.pdf,Epi Week 40: 28 September – 4 October 2020,38,3,0,0,automated,2025-12-01T01:09:05.685113,https://ncdc.gov.ng/themes/common/files/sitreps/ea10486a906cda5a784574e478b97796.pdf
2020-10-05,2020-10-11,2020,41,2020-W41.pdf,Epi Week 41: 5 –11 October 2020,53,5,0,1,automated,2025-12-01T01:09:06.249364,https://ncdc.gov.ng/themes/common/files/sitreps/9345550e94fde0e82a59890a629f337f.pdf
2020-10-12,2020-10-18,2020,42,2020-W42.pdf,EpiWeek42:12–18October2020,94,13,0,2,automated,2025-12-01T01:09:07.338010,https://ncdc.gov.ng/themes/common/files/sitreps/54ae59992d41e817b2bc8cfc8a906f60.pdf
2020-10-19,2020-10-25,2020,43,2020-W43.pdf,EpiWeek43:19–25October2020,51,3,0,2,automated,2025-12-01T01:09:08.397645,https://ncdc.gov.ng/themes/common/files/sitreps/72d8e54d9457c0c9c1ad4898afc4d9b2.pdf
2020-10-26,2020-11-01,2020,44,2020-W44.pdf,Epi Week 44: 26 October – 1 November 2020,79,11,0,1,automated,2025-12-01T01:09:09.004650,https://ncdc.gov.ng/themes/common/files/sitreps/8f6f7620f80b00174b33141eafe06708.pdf
2020-11-02,2020-11-08,2020,45,2020-W45.pdf,Epi Week 45: 2 – 8 November 2020,98,5,0,1,automated,2025-12-01T01:09:09.470189,https://ncdc.gov.ng/themes/common/files/sitreps/d4dcd9dba6982e0a7585210a08a080b1.pdf
2020-11-09,2020-11-15,2020,46,2020-W46.pdf,Epi Week 46: 9 – 15 November 2020,91,2,0,1,automated,2025-12-01T01:09:09.927148,https://ncdc.gov.ng/themes/common/files/sitreps/dd9b1eae3ebccc3e8ed1e661714e64bb.pdf
2020-11-16,2020-11-22,2020,47,2020-W47.pdf,Epi Week 47: 16 – 22 November 2020,81,10,0,2,automated,2025-12-01T01:09:10.515067,https://ncdc.gov.ng/themes/common/files/sitreps/ada51ed1a830ca066835be3c73e044e1.pdf
2020-11-23,2020-11-29,2020,48,2020-W48.pdf,Epi Week 48: 23 – 29 November 2020,133,6,0,2,automated,2025-12-01T01:09:10.982097,https://ncdc.gov.ng/themes/common/files/sitreps/1bc774068e49f60c3bda00326b5212e8.pdf
2020-11-30,2020-12-06,2020,49,2020-W49.pdf,Epi Week 49: 30 November – 6 December 2020,69,4,0,1,automated,2025-12-01T01:09:11.436181,https://ncdc.gov.ng/themes/common/files/sitreps/9c78f0a1760b2aa746cba5e57e8a96d3.pdf
2020-12-07,2020-12-13,2020,50,2020-W50.pdf,Epi Week 50: 7 – 13 December 2020,55,5,0,1,automated,2025-12-01T01:09:12.021948,https://ncdc.gov.ng/themes/common/files/sitreps/9e736ef44109c9befec3c74b5bc65acb.pdf
2020-12-14,2020-12-20,2020,51,2020-W51.pdf,Epi Week 51: 14 – 20 December 2020,78,12,0,1,automated,2025-12-01T01:09:12.482548,https://ncdc.gov.ng/themes/common/files/sitreps/37fdd6ca1b9af4eda025c6d77621f974.pdf
2020-12-21,2020-12-27,2020,52,2020-W52.pdf,Epi Week 52: 21 – 27 December 2020,64,6,0,1,automated,2025-12-01T01:09:13.042644,https://ncdc.gov.ng/themes/common/files/sitreps/e9cf6841a83cdfdef7d73200813b9126.pdf
2020-12-28,2021-01-03,2020,53,2020-W53.pdf,Epi Week 53: 28 December 2020 – 03 January 2021,59,8,0,0,automated,2025-12-01T01:09:13.498779,https://ncdc.gov.ng/themes/common/files/sitreps/ba1e917c531710377786f683ef4aaec4.pdf
2021-01-04,2021-01-10,2021,1,2021-W01.pdf,Epi Week 1: 04 – 10 January 2021,109,9,0,2,automated,2025-12-01T01:09:13.903540,https://ncdc.gov.ng/themes/common/files/sitreps/a8a7ba608cb9ece9f7ae94f0d82c92ba.pdf
2021-01-11,2021-01-17,2021,2,2021-W02.pdf,Epi Week 2: 11 – 17 January 2021,117,14,0,2,automated,2025-12-01T01:09:14.455947,https://ncdc.gov.ng/themes/common/files/sitreps/08b46a5b29d97b5f05b18b61c86df831.pdf
2021-01-18,2021-01-24,2021,3,2021-W03.pdf,Epi Week 3: 18 – 24 January 2021,129,17,0,3,automated,2025-12-01T01:09:14.882642,https://ncdc.gov.ng/themes/common/files/sitreps/33ea6c312866a2f8e4aaddfce6134410.pdf
2021-01-25,2021-01-31,2021,4,2021-W04.pdf,Epi Week 4: 25 – 31 January 2021,153,14,0,2,automated,2025-12-01T01:09:15.323012,https://ncdc.gov.ng/themes/common/files/sitreps/3958e99166731cfd156c2b8bd9929d63.pdf
2021-02-01,2021-02-07,2021,5,2021-W05.pdf,Epi Week 5: 1 – 7 February 2021,107,12,0,1,automated,2025-12-01T01:09:15.879729,https://ncdc.gov.ng/themes/common/files/sitreps/70d2d684ecee7f5a1e0da7393c71bc7d.pdf
2021-02-08,2021-02-14,2021,6,2021-W06.pdf,Epi Week 6: 8 – 14 February 2021,91,17,0,6,automated,2025-12-01T01:09:16.322012,https://ncdc.gov.ng/themes/common/files/sitreps/371cec74c12cce698b57e8e4ee2d1509.pdf
2021-02-15,2021-02-21,2021,7,2021-W07.pdf,Epi Week 7: 15 – 21 February 2021,113,19,1,3,automated,2025-12-01T01:09:16.760273,https://ncdc.gov.ng/themes/common/files/sitreps/e9dabfb69df15c83bfefebe6af9ec979.pdf
2021-02-22,2021-02-28,2021,8,2021-W08.pdf,Epi Week 8: 22 – 28 February 2021,140,34,0,6,automated,2025-12-01T01:09:17.323422,https://ncdc.gov.ng/themes/common/files/sitreps/7a08ab0eb126f2bd63b04a8a4b719af7.pdf
2021-03-01,2021-03-07,2021,9,2021-W09.pdf,Epi Week 9: 1 – 7 March 2021,107,25,0,1,automated,2025-12-01T01:09:17.768008,https://ncdc.gov.ng/themes/common/files/sitreps/17722edeee231beca8410e1369a2871c.pdf
2021-03-08,2021-03-14,2021,10,2021-W10.pdf,Epi Week 10: 8 – 14 March 2021,145,30,0,6,automated,2025-12-01T01:09:18.213214,https://ncdc.gov.ng/themes/common/files/sitreps/703d197b77c61a7a4bd614176dabc7be.pdf
2021-03-15,2021-03-21,2021,11,2021-W11.pdf,Epi Week 11: 15 – 21 March 2021,136,32,0,4,automated,2025-12-01T01:09:18.809751,https://ncdc.gov.ng/themes/common/files/sitreps/a6406cb25fb59297502e8df9723f1e2d.pdf
2021-03-22,2021-03-28,2021,12,2021-W12.pdf,Epi Week 12: 22 – 28 March 2021,84,7,0,3,automated,2025-12-01T01:09:19.253986,https://ncdc.gov.ng/themes/common/files/sitreps/ff0ab3eed6171a39c6cc1ac27f4c4e0e.pdf
2021-03-29,2021-04-04,2021,13,2021-W13.pdf,Epi Week 13: 29 March – 4 April 2021,78,3,1,0,automated,2025-12-01T01:09:19.682519,https://ncdc.gov.ng/themes/common/files/sitreps/6940c4e9aaa5b50c850d06e6e316cd3b.pdf
2021-04-05,2021-04-11,2021,14,2021-W14.pdf,EpiWeek14:05–11April2021,43,8,0,1,automated,2025-12-01T01:09:20.873236,https://ncdc.gov.ng/themes/common/files/sitreps/f70238f6814fb0a9ce3bce722b95d531.pdf
2021-04-12,2021-04-18,2021,15,2021-W15.pdf,,43,6,0,0,manual,,https://ncdc.gov.ng/themes/common/files/sitreps/738f70cd711126a22f6b8bfab74c9291.pdf
2021-04-19,2021-04-25,2021,16,2021-W16.pdf,Epi Week 16: 19 – 25 April 2021,59,7,0,2,automated,2025-12-01T01:09:21.751506,https://ncdc.gov.ng/themes/common/files/sitreps/36bc7b8fc84d0bd479ff9c32fb4330ce.pdf
2021-04-26,2021-05-02,2021,17,2021-W17.pdf,Epi Week 17: 26 April – 02 May 2021,73,8,0,3,automated,2025-12-01T01:09:22.319809,https://ncdc.gov.ng/themes/common/files/sitreps/86f05790ddc7496c9219ac010c43a89d.pdf
2021-05-03,2021-05-09,2021,18,2021-W18.pdf,EpiWeek18:03–09May2021,61,10,0,0,automated,2025-12-01T01:09:23.391585,https://ncdc.gov.ng/themes/common/files/sitreps/b8a2ea2b968baa51a33283283541d84d.pdf
2021-05-10,2021-05-16,2021,19,2021-W19.pdf,EpiWeek19:10–16May2021,61,1,0,1,automated,2025-12-01T01:09:24.451052,https://ncdc.gov.ng/themes/common/files/sitreps/4dc61da14fcfc706685f0745721cd385.pdf
2021-05-17,2021-05-23,2021,20,2021-W20.pdf,EpiWeek20:17–23May2021,83,8,0,0,automated,2025-12-01T01:09:25.612862,https://ncdc.gov.ng/themes/common/files/sitreps/869a249757695124454a95d50e65dfde.pdf
2021-05-24,2021-05-30,2021,21,2021-W21.pdf,Missing file,Null,Null,Null,Null,manual,,https://ncdc.gov.ng/themes/common/files/sitreps/a7b923c99ae006367d9f66591d8b27de.pdf
2021-05-31,2021-06-06,2021,22,2021-W22.pdf,,52,6,0,1,mixed,2025-12-01T01:09:26.826836,https://ncdc.gov.ng/themes/common/files/sitreps/0b82746f04c2ebc74cc122315d937e5e.pdf
2021-06-07,2021-06-13,2021,23,2021-W23.pdf,Missing file,Null,Null,Null,Null,manual,,https://ncdc.gov.ng/themes/common/files/sitreps/87019bd89c9c725f2689c4cdc2e2cafb.pdf
2021-06-14,2021-06-20,2021,24,2021-W24.pdf,Missing file,Null,Null,Null,Null,manual,,https://ncdc.gov.ng/themes/common/files/sitreps/c961c37b5cf7d7f010f0b991722f89ba.pdf
2021-06-21,2021-06-27,2021,25,2021-W25.pdf,,65,13,0,1,manual,,https://ncdc.gov.ng/themes/common/files/sitreps/770af52a25180658cd4a9d38f88cf535.pdf
2021-06-28,2021-07-04,2021,26,2021-W26.pdf,,67,3,0,0,automated,2025-12-01T01:09:28.556093,https://ncdc.gov.ng/themes/common/files/sitreps/5340117f36d4beccd7b40f333c5ad03c.pdf
2021-07-05,2021-07-11,2021,27,2021-W27.pdf,EpiWeek27:5–11July2021,69,7,0,4,automated,2025-12-01T01:09:29.625306,https://ncdc.gov.ng/themes/common/files/sitreps/a20a6f9546156d1bc24b1105391ab6f0.pdf
2021-07-12,2021-07-18,2021,28,2021-W28.pdf,EpiWeek28:12–18July2021,70,5,0,0,automated,2025-12-01T01:09:30.679733,https://ncdc.gov.ng/themes/common/files/sitreps/60b8830aedc16253fc0ae930e19006d2.pdf
2021-07-19,2021-07-25,2021,29,2021-W29.pdf,,66,4,0,1,manual,,https://ncdc.gov.ng/themes/common/files/sitreps/5bfb71f4ee32f0f5d4352ee0fd5df93f.pdf
2021-07-26,2021-08-01,2021,30,2021-W30.pdf,Missing file,Null,Null,Null,Null,manual,,https://ncdc.gov.ng/themes/common/files/sitreps/9f38d2c5e82aa79398e087b4143967b4.pdf
2021-08-02,2021-08-08,2021,31,2021-W31.pdf,EpiWeek31:2–8August2021,65,4,0,1,automated,2025-12-01T01:09:32.894451,https://ncdc.gov.ng/themes/common/files/sitreps/5a05b9790d25b163434660508ae387d9.pdf
2021-08-09,2021-08-15,2021,32,2021-W32.pdf,Missing file,Null,Null,Null,Null,manual,,https://ncdc.gov.ng/themes/common/files/sitreps/7c36bfd6b0e250b9366c6425e10dea8d.pdf
2021-08-16,2021-08-22,2021,33,2021-W33.pdf,EpiWeek33:16–22August2021,58,2,0,0,automated,2025-12-01T01:09:33.960899,https://ncdc.gov.ng/themes/common/files/sitreps/b2b26b5fba7c670823ef6f8183b8fa89.pdf
2021-08-23,2021-08-29,2021,34,2021-W34.pdf,Epi Week 34: 23 – 29 August 2021,83,9,0,0,automated,2025-12-01T01:09:34.520500,https://ncdc.gov.ng/themes/common/files/sitreps/6e94340ea56cffc0bcb29c15518abf02.pdf
2021-08-30,2021-09-05,2021,35,2021-W35.pdf,Epi Week 35: 30 August – 5 September 2021,74,0,0,0,automated,2025-12-01T01:09:34.967337,https://ncdc.gov.ng/themes/common/files/sitreps/6ffc8c649cd99faf470d3ea3b0a1ca33.pdf
2021-09-06,2021-09-12,2021,36,2021-W36.pdf,Epi Week 36: 6 – 12 September 2021,60,4,0,3,automated,2025-12-01T01:09:35.412198,https://ncdc.gov.ng/themes/common/files/sitreps/59cfe717859ae0966137b2272ccec170.pdf
2021-09-13,2021-09-19,2021,37,2021-W37.pdf,EpiWeek37:13–19September2021,73,1,0,0,automated,2025-12-01T01:09:36.561085,https://ncdc.gov.ng/themes/common/files/sitreps/3eb8f2c997c5c7ff632ec4e4c0519fea.pdf
2021-09-20,2021-09-26,2021,38,2021-W38.pdf,EpiWeek38:20–26September2021,71,9,0,1,automated,2025-12-01T01:09:37.619901,https://ncdc.gov.ng/themes/common/files/sitreps/15c7cc4764d8efea1f3fef58b5921072.pdf
2021-09-27,2021-10-03,2021,39,2021-W39.pdf,Epi Week 39: 27 September – 3 October 2021,51,3,0,0,automated,2025-12-01T01:09:38.069539,https://ncdc.gov.ng/themes/common/files/sitreps/842332eefa12f791b84fa44bc0f5e875.pdf
2021-10-04,2021-10-10,2021,40,2021-W40.pdf,EpiWeek40:4–10October2021,63,4,0,1,automated,2025-12-01T01:09:39.266308,https://ncdc.gov.ng/themes/common/files/sitreps/cbd34c7bf9d6fb332ea3f7362323a756.pdf
2021-10-11,2021-10-17,2021,41,2021-W41.pdf,EpiWeek41:11–17October2021,67,7,0,0,automated,2025-12-01T01:09:40.317218,https://ncdc.gov.ng/themes/common/files/sitreps/13ae2c131dd867209196c070fc4af733.pdf
2021-10-18,2021-10-24,2021,42,2021-W42.pdf,Epi Week 42: 18 – 24 October 2021,81,8,0,0,automated,2025-12-01T01:09:40.786632,https://ncdc.gov.ng/themes/common/files/sitreps/2681e244b622d5ff9173a780f58c27f8.pdf
2021-10-25,2021-10-31,2021,43,2021-W43.pdf,EpiWeek43:25–31October2021,77,2,0,0,automated,2025-12-01T01:09:41.956280,https://ncdc.gov.ng/themes/common/files/sitreps/469e2d9cec4485f287ae3c191858b8cc.pdf
2021-11-01,2021-11-07,2021,44,2021-W44.pdf,EpiWeek44:1–7November2021,72,7,0,0,automated,2025-12-01T01:09:43.012223,https://ncdc.gov.ng/themes/common/files/sitreps/1fea6bf7eb076c245ec38fec672d29dc.pdf
2021-11-08,2021-11-14,2021,45,2021-W45.pdf,EpiWeek45:8–14November2021,113,8,0,0,automated,2025-12-01T01:09:44.066760,https://ncdc.gov.ng/themes/common/files/sitreps/20e9c6641d1eb4956574a780687caf0f.pdf
2021-11-15,2021-11-21,2021,46,2021-W46.pdf,EpiWeek46:15–21November2021,108,9,0,1,automated,2025-12-01T01:09:45.239708,https://ncdc.gov.ng/themes/common/files/sitreps/d84af391adcdb747f89ba1fe64c86afe.pdf
2021-11-22,2021-11-28,2021,47,2021-W47.pdf,EpiWeek47:22–28November2021,91,3,1,0,automated,2025-12-01T01:09:46.292118,https://ncdc.gov.ng/themes/common/files/sitreps/4e35452c7f16da3d92ad591c6505b2b1.pdf
2021-11-29,2021-12-05,2021,48,2021-W48.pdf,,84,4,0,0,automated,2025-12-01T01:09:47.499648,https://ncdc.gov.ng/themes/common/files/sitreps/6bf5926f7a053012a5ccf9ce2221107f.pdf
2021-12-06,2021-12-12,2021,49,2021-W49.pdf,EpiWeek49:6–12December2021,123,10,1,3,automated,2025-12-01T01:09:48.704303,https://ncdc.gov.ng/themes/common/files/sitreps/54f1969b2dcafe3ee2e81f0a6fad1a55.pdf
2021-12-13,2021-12-19,2021,50,2021-W50.pdf,EpiWeek50:13–19December2021,190,10,0,3,automated,2025-12-01T01:09:49.764859,https://ncdc.gov.ng/themes/common/files/sitreps/54f285bdd8e7a0370151c2ff9332c30a.pdf
2021-12-20,2021-12-26,2021,51,2021-W51.pdf,EpiWeek51:20–26December2021,193,29,0,3,automated,2025-12-01T01:09:50.834115,https://ncdc.gov.ng/themes/common/files/sitreps/42501f0b7d06dc98ca661f6b7d6b2475.pdf
2021-12-27,2022-01-02,2021,52,2021-W52.pdf,,174,28,1,3,automated,2025-12-01T01:09:52.172028,https://ncdc.gov.ng/themes/common/files/sitreps/65ad32fe92ed2be30726b44e99204790.pdf
2022-01-03,2022-01-09,2022,1,2022-W01.pdf,"Epi Week 1: 3 – 9 January, 2022",222,48,0,2,automated,2025-12-01T01:09:52.631342,https://ncdc.gov.ng/themes/common/files/sitreps/5bb9bd8253ba7a0e5bfeba65745aa4d0.pdf
2022-01-10,2022-01-16,2022,2,2022-W02.pdf,,244,48,0,6,automated,2025-12-01T01:09:53.845516,https://ncdc.gov.ng/themes/common/files/sitreps/6ceb272218282b1f512274b6be61b23f.pdf
2022-01-17,2022-01-23,2022,3,2022-W03.pdf,,294,74,0,11,automated,2025-12-01T01:09:55.169549,https://ncdc.gov.ng/themes/common/files/sitreps/ca7cbe062e7048afe09abb8f5fb7462e.pdf
2022-01-24,2022-01-30,2022,4,2022-W04.pdf,,229,42,1,6,automated,2025-12-01T01:09:56.363700,https://ncdc.gov.ng/themes/common/files/sitreps/ddab50523c797ce540b709deb3a4f289.pdf
2022-01-31,2022-02-06,2022,5,2022-W05.pdf,,323,58,2,6,automated,2025-12-01T01:09:57.610868,https://ncdc.gov.ng/themes/common/files/sitreps/fa7461057248c075c33e014c4540e91f.pdf
2022-02-07,2022-02-13,2022,6,2022-W06.pdf,,278,77,1,11,automated,2025-12-01T01:09:59.000900,https://ncdc.gov.ng/themes/common/files/sitreps/bcea6619abaf593569774f1fa5857a8f.pdf
2022-02-14,2022-02-20,2022,7,2022-W07.pdf,"Epi Week 7: 14 – 20 February, 2022",356,91,0,21,automated,2025-12-01T01:09:59.483248,https://ncdc.gov.ng/themes/common/files/sitreps/e3b89861533e554cef8f3f74d1b6b456.pdf
2022-02-21,2022-02-27,2022,8,2022-W08.pdf,EpiWeek8:21–27February2022,441,90,0,12,automated,2025-12-01T01:10:00.580043,https://ncdc.gov.ng/themes/common/files/sitreps/711214a3a9e201ae1f3c367f74092238.pdf
2022-02-28,2022-03-06,2022,9,2022-W09.pdf,,388,57,0,13,automated,2025-12-01T01:10:01.953485,https://ncdc.gov.ng/themes/common/files/sitreps/f986fad8eefe455bafe36a09ba9ff91a.pdf
2022-03-07,2022-03-13,2022,10,2022-W10.pdf,,257,33,0,1,automated,2025-12-01T01:10:03.184911,https://ncdc.gov.ng/themes/common/files/sitreps/6c4c9312fe78b9acceb99139dd9a3101.pdf
2022-03-14,2022-03-20,2022,11,2022-W11.pdf,,233,29,0,6,automated,2025-12-01T01:10:04.427929,https://ncdc.gov.ng/themes/common/files/sitreps/f47cdf05593b9a0bb951f08e03c57aab.pdf
2022-03-21,2022-03-27,2022,12,2022-W12.pdf,,224,22,0,4,automated,2025-12-01T01:10:05.755217,https://ncdc.gov.ng/themes/common/files/sitreps/9a7fc3d8d318ec2f2d4af3e6cd5a5fd2.pdf
2022-03-28,2022-04-03,2022,13,2022-W13.pdf,"Epi Week 13: 28 March – 3 April, 2022",204,10,3,4,automated,2025-12-01T01:10:06.231044,https://ncdc.gov.ng/themes/common/files/sitreps/5bac5affb8c29a495fa1e8dd39e16862.pdf
2022-04-04,2022-04-10,2022,14,2022-W14.pdf,,217,24,0,6,manual,,https://ncdc.gov.ng/themes/common/files/sitreps/c8f7e872450de073e7c2fa77f3d6ad98.pdf
2022-04-11,2022-04-17,2022,15,2022-W15.pdf,,164,18,0,1,automated,2025-12-01T01:10:07.751805,https://ncdc.gov.ng/themes/common/files/sitreps/7a51cc05fdc15533b15b335b367101f8.pdf
2022-04-18,2022-04-24,2022,16,2022-W16.pdf,,145,18,0,1,automated,2025-12-01T01:10:09.004058,https://ncdc.gov.ng/themes/common/files/sitreps/e253c7f64c3f7690ea6ba7d77a1d48c9.pdf
2022-04-25,2022-05-01,2022,17,2022-W17.pdf,"Epi Week 17: 25 April – 1 May, 2022",183,8,0,3,automated,2025-12-01T01:10:09.478992,https://ncdc.gov.ng/themes/common/files/sitreps/73c8fd948a8038b2a1afa2fa30ac820c.pdf
2022-05-02,2022-05-08,2022,18,2022-W18.pdf,"EpiWeek18:2–8 May, 2022",72,3,0,2,automated,2025-12-01T01:10:10.798735,https://ncdc.gov.ng/themes/common/files/sitreps/9c3298f8ecc3e5de9681a251e321d4c7.pdf
2022-05-09,2022-05-15,2022,19,2022-W19.pdf,Missing file,Null,Null,Null,Null,manual,,https://ncdc.gov.ng/themes/common/files/sitreps/694c39457e6c2863d393e54b419e76a9.pdf
2022-05-16,2022-05-22,2022,20,2022-W20.pdf,Missing file,Null,Null,Null,Null,manual,,https://ncdc.gov.ng/themes/common/files/sitreps/e1e22accee2e5c3272b863084821ff16.pdf
2022-05-23,2022-05-29,2022,21,2022-W21.pdf,Missing file,Null,Null,Null,Null,manual,,https://ncdc.gov.ng/themes/common/files/sitreps/6ce166b15bffc6986d356448d48d6a34.pdf
2022-05-30,2022-06-05,2022,22,2022-W22.pdf,Missing file,Null,Null,Null,Null,manual,,
2022-06-06,2022-06-12,2022,23,2022-W23.pdf,Missing file,Null,Null,Null,Null,manual,,https://ncdc.gov.ng/themes/common/files/sitreps/415ea980abafa9fb2547cbcd0362004e.pdf
2022-06-13,2022-06-19,2022,24,2022-W24.pdf,"Epi Week 24: 13 – 19 June, 2022",88,8,0,3,automated,2025-12-01T01:10:12.036560,https://ncdc.gov.ng/themes/common/files/sitreps/317f89c26656c4b549e07e84a720db5b.pdf
2022-06-20,2022-06-26,2022,25,2022-W25.pdf,"Epi Week 25: 20 – 26 June, 2022",115,10,0,1,automated,2025-12-01T01:10:12.626100,https://ncdc.gov.ng/themes/common/files/sitreps/cf37e8d0a37b3d54d1f71b706d247dbb.pdf
2022-06-27,2022-07-03,2022,26,2022-W26.pdf,Epi Week 26: 27 June – 3 July 2022,130,9,0,1,automated,2025-12-01T01:10:13.115165,https://ncdc.gov.ng/themes/common/files/sitreps/8151691e1bec02b190fc0cf735251df1.pdf
2022-07-04,2022-07-10,2022,27,2022-W27.pdf,Epi Week 27: 4 – 10 July 2022,139,13,0,0,mixed,2025-12-01T01:10:15.487997,https://ncdc.gov.ng/themes/common/files/sitreps/d5f1feb28def636218d9e33d7aaf18da.pdf
2022-07-11,2022-07-17,2022,28,2022-W28.pdf,Epi Week 28: 11 – 17 July 2022,107,5,0,2,mixed,2025-12-01T01:10:17.765300,https://ncdc.gov.ng/themes/common/files/sitreps/29d6e61a59695a8fbb13ca2c6941f100.pdf
2022-07-18,2022-07-24,2022,29,2022-W29.pdf,Epi Week 29: 18 – 24 July 2022,134,10,0,2,mixed,2025-12-01T01:10:20.208891,https://ncdc.gov.ng/themes/common/files/sitreps/4363618535397c76bb5343c78f732839.pdf
2022-07-25,2022-07-31,2022,30,2022-W30.pdf,Epi Week 30: 25 – 31 July 2022,100,10,0,0,mixed,2025-12-01T01:10:22.628384,https://ncdc.gov.ng/themes/common/files/sitreps/719967b7af84e3a06b4d778d2a2d85de.pdf
2022-08-01,2022-08-07,2022,31,2022-W31.pdf,Epi Week 31: 1 – 7 August 2022,136,13,0,1,mixed,2025-12-01T01:10:25.019812,https://ncdc.gov.ng/themes/common/files/sitreps/7045e300e240d8f8dde0c80265ca44ca.pdf
2022-08-08,2022-08-14,2022,32,2022-W32.pdf,Epi Week 32: 8 – 14 August 2022,178,9,0,3,automated,2025-12-01T01:10:25.447439,https://ncdc.gov.ng/themes/common/files/sitreps/6f284222e59d82cc64966cac5e676fac.pdf
2022-08-15,2022-08-21,2022,33,2022-W33.pdf,Epi Week 33: 15 – 21 August 2022,88,5,0,0,automated,2025-12-01T01:10:25.923404,https://ncdc.gov.ng/themes/common/files/sitreps/fe48059427a8316a8f7eed00c4ae9072.pdf
2022-08-22,2022-08-28,2022,34,2022-W34.pdf,Epi Week 34: 22 – 28 August 2022,79,5,0,0,manual,,https://ncdc.gov.ng/themes/common/files/sitreps/cb93e03cc45a3f9526a24937d5d7f05f.pdf
2022-08-29,2022-09-04,2022,35,2022-W35.pdf,Epi Week 35: 29 August – 4 September 2022,76,10,0,1,manual,,https://ncdc.gov.ng/themes/common/files/sitreps/b09fa34beb6af7734ac9299a0788787f.pdf
2022-09-05,2022-09-11,2022,36,2022-W36.pdf,Epi Week 36: 5 – 11 September 2022,113,8,0,1,manual,,https://ncdc.gov.ng/themes/common/files/sitreps/923449d0b48c877e06a076672f56d13c.pdf
2022-09-12,2022-09-18,2022,37,2022-W37.pdf,Epi Week 37: 12 – 18 September 2022,70,6,0,0,automated,2025-12-01T01:10:33.757472,https://ncdc.gov.ng/themes/common/files/sitreps/468f23dd6295bef0b20be899b30c1f48.pdf
2022-09-19,2022-09-25,2022,38,2022-W38.pdf,Epi Week 38: 19 – 25 September 2022,37,6,0,1,manual,,https://ncdc.gov.ng/themes/common/files/sitreps/8281ba93277b0158aeb259d7deae41d7.pdf
2022-09-26,2022-10-02,2022,39,2022-W39.pdf,Epi Week 39: 26 September – 2 October 2022,85,4,0,1,automated,2025-12-01T01:10:36.612228,https://ncdc.gov.ng/themes/common/files/sitreps/4cf724df697275485b8f5a572f4f68d6.pdf
2022-10-03,2022-10-09,2022,40,2022-W40.pdf,Epi Week 40: 3 – 9 October 2022,29,4,0,0,automated,2025-12-01T01:10:37.019051,https://ncdc.gov.ng/themes/common/files/sitreps/d0b0407709bf491fd2c6c96b45ca54f3.pdf
2022-10-10,2022-10-16,2022,41,2022-W41.pdf,Epi Week 41: 10 – 16 October 2022,97,4,0,0,automated,2025-12-01T01:10:37.433449,https://ncdc.gov.ng/themes/common/files/sitreps/6656e969beffd967c893a2561c1ce986.pdf
2022-10-17,2022-10-23,2022,42,2022-W42.pdf,Epi Week 42: 17 – 23 October 2022,95,7,0,0,manual,,https://ncdc.gov.ng/themes/common/files/sitreps/3f8001e5b584fcb8f04f86b7a60e6c2f.pdf
2022-10-24,2022-10-30,2022,43,2022-W43.pdf,Epi Week 43: 24 – 30 October 2022,108,10,0,1,manual,,https://ncdc.gov.ng/themes/common/files/sitreps/710334ae407a503a56351d3a73b920c0.pdf
2022-10-31,2022-11-06,2022,44,2022-W44.pdf,Epi Week 44: 31 October – 6 November 2022,110,17,0,0,automated,2025-12-01T01:10:42.814967,https://ncdc.gov.ng/themes/common/files/sitreps/a57f1ae5042f7df5062900925ad193d0.pdf
2022-11-07,2022-11-13,2022,45,2022-W45.pdf,Epi Week 45: 7 – 13 November 2022,96,10,0,0,manual,,https://ncdc.gov.ng/themes/common/files/sitreps/bd9ca86748da7c3e9a48442f34101fd0.pdf
2022-11-14,2022-11-20,2022,46,2022-W46.pdf,Epi Week 46: 14 – 20 November 2022,103,4,0,1,manual,,https://ncdc.gov.ng/themes/common/files/sitreps/71eb538ce668c9b12aa778b11af04c7e.pdf
2022-11-21,2022-11-27,2022,47,2022-W47.pdf,Epi Week 47: 21 – 27 November 2022,98,4,0,0,manual,,https://ncdc.gov.ng/themes/common/files/sitreps/009dce0e9448bfe86551e69fb17bd1af.pdf
2022-11-28,2022-12-04,2022,48,2022-W48.pdf,Epi Week 48: 28 November – 4 December 2022,171,22,0,3,manual,,https://ncdc.gov.ng/themes/common/files/sitreps/5eadae1fe0222655731887f63de69523.pdf
2022-12-05,2022-12-11,2022,49,2022-W49.pdf,Epi Week 49: 5 December – 11 December 2022,146,13,0,1,automated,2025-12-01T01:10:53.054411,https://ncdc.gov.ng/themes/common/files/sitreps/b21ef7f9dc32b4d2ef08c00f480dd522.pdf
2022-12-12,2022-12-18,2022,50,2022-W50.pdf,Epi Week 50: 12 – 18 December 2022,74,10,0,0,automated,2025-12-01T01:10:53.616323,https://ncdc.gov.ng/themes/common/files/sitreps/1bffa39cdea17880ccfac3684a1428dc.pdf
2022-12-19,2022-12-25,2022,51,2022-W51.pdf,Epi Week 51: 19 – 25 December 2,147,17,0,1,manual,,https://ncdc.gov.ng/themes/common/files/sitreps/dc331668ad9d61ad827bc5a91ea2f39c.pdf
2022-12-26,2023-01-01,2022,52,2022-W52.pdf,Epi Week 52: 26 December 2022 – 1 January 2023,79,12,0,0,manual,,https://ncdc.gov.ng/themes/common/files/sitreps/2fd923c3f16ae99e0ddbfa1ced8a0ae9.pdf
2023-01-02,2023-01-08,2023,1,2023-W01.pdf,Epi Week 1: 2 – 8 January 2023,104,30,0,1,manual,,https://ncdc.gov.ng/themes/common/files/sitreps/45eea750bb8f83e3d8a126e797c12842.pdf
2023-01-09,2023-01-15,2023,2,2023-W02.pdf,Epi Week 2: 9 – 15 January 2023,231,77,0,6,manual,,https://ncdc.gov.ng/themes/common/files/sitreps/2d79b38a9ecd082b8e867e5e31a40a40.pdf
2023-01-16,2023-01-22,2023,3,2023-W03.pdf,Epi Week 3: 16 – 22 January 2023,560,137,0,18,manual,,https://ncdc.gov.ng/themes/common/files/sitreps/ab646e11aa66f5a1c794667c89718fdd.pdf
2023-01-23,2023-01-29,2023,4,2023-W04.pdf,Epi Week 4: 23 – 29 January 2023,445,117,0,16,automated,2025-12-01T01:11:06.577643,https://ncdc.gov.ng/themes/common/files/sitreps/6c3b11e786fe10ede1b42106ff55ea6d.pdf
2023-01-30,2023-02-05,2023,5,2023-W05.pdf,Epi Week 5: 30 January – 05 February 2023,455,106,1,15,automated,2025-12-01T01:11:07.057833,https://ncdc.gov.ng/themes/common/files/sitreps/959315bf2d31dd43de8c76f67126f9b0.pdf
2023-02-06,2023-02-12,2023,6,2023-W06.pdf,Epi Week 6: 06 February – 12 February 2023,415,68,2,15,automated,2025-12-01T01:11:07.648004,https://ncdc.gov.ng/themes/common/files/sitreps/f512710099bce532d2c5161f414dacc3.pdf
2023-02-13,2023-02-19,2023,7,2023-W07.pdf,Epi Week 7: 13 February – 19 February 2023,384,46,0,9,automated,2025-12-01T01:11:08.118352,https://ncdc.gov.ng/themes/common/files/sitreps/3a3ed0829df82e7efb703382a1a3c0b6.pdf
2023-02-20,2023-02-26,2023,8,2023-W08.pdf,Epi Week 8: 20 February – 26 February 2023,351,59,0,10,automated,2025-12-01T01:11:08.625206,https://ncdc.gov.ng/themes/common/files/sitreps/97600da5e4608a34ec1ec84419e7bac7.pdf
2023-02-27,2023-03-05,2023,9,2023-W09.pdf,Epi Week 9: 27 February – 05 March 2023,295,40,0,5,automated,2025-12-01T01:11:09.224144,https://ncdc.gov.ng/themes/common/files/sitreps/6423be550b4a48c66cccee2795d6ca5d.pdf
2023-03-06,2023-03-12,2023,10,2023-W10.pdf,Epi Week 10: 06 March – 12 March 2023,292,70,0,19,automated,2025-12-01T01:11:09.707680,https://ncdc.gov.ng/themes/common/files/sitreps/731251db2b8825d8f872d80ff4ca0903.pdf
2023-03-13,2023-03-19,2023,11,2023-W11.pdf,Epi Week 11: 13 March – 19 March 2023,268,38,0,14,automated,2025-12-01T01:11:10.196731,https://ncdc.gov.ng/themes/common/files/sitreps/d88888f2677c38f673c88c8756bb3ad1.pdf
2023-03-20,2023-03-26,2023,12,2023-W12.pdf,Epi Week 12: 20th March – 26th March 2023,283,39,0,2,automated,2025-12-01T01:11:10.808502,https://ncdc.gov.ng/themes/common/files/sitreps/fd008bee0968c04b1946494d46b08bcd.pdf
2023-03-27,2023-04-02,2023,13,2023-W13.pdf,Epi Week 13: 27th March – 2nd April 2023,231,23,0,4,automated,2025-12-01T01:11:11.292704,https://ncdc.gov.ng/themes/common/files/sitreps/9a69104a01f2d1d2cdc28cb15a91fd18.pdf
2023-04-03,2023-04-09,2023,14,2023-W14.pdf,Epi Week 14: 3rd April – 9th April 2023,221,23,0,3,automated,2025-12-01T01:11:11.885444,https://ncdc.gov.ng/themes/common/files/sitreps/82ab3b38dcfb5e88463d82ffb21b3031.pdf
2023-04-10,2023-04-16,2023,15,2023-W15.pdf,Epi Week 15: 10th April – 16th April 2023,149,9,0,1,automated,2025-12-01T01:11:12.364408,https://ncdc.gov.ng/themes/common/files/sitreps/95f3bc700a6d5ba35c14a9c70e157cd6.pdf
2023-04-17,2023-04-23,2023,16,2023-W16.pdf,Epi Week 16: 17 th April – 23 rd April 2023,206,20,0,2,manual,,https://ncdc.gov.ng/themes/common/files/sitreps/bfbb797ff3ce8d9fe8faf875957b51b1.pdf
2023-04-24,2023-04-30,2023,17,2023-W17.pdf,Epi Week 17: 24 th April – 30 th April 2023,176,21,0,2,manual,,https://ncdc.gov.ng/themes/common/files/sitreps/0312a484c76a7aa1e10d5d0ce2cd603e.pdf
2023-05-01,2023-05-07,2023,18,2023-W18.pdf,Epi Week 18: 01st – 7th May 2023,134,10,1,2,automated,2025-12-01T01:11:17.760241,https://ncdc.gov.ng/themes/common/files/sitreps/4d1aa9cc68856d96ac7c9e3cd36ee393.pdf
2023-05-08,2023-05-14,2023,19,2023-W19.pdf,Epi Week 19: 8th – 14th May 2023,178,7,0,0,automated,2025-12-01T01:11:18.243458,https://ncdc.gov.ng/themes/common/files/sitreps/b4337bd1ae8eaa47d9f793a57ea1d680.pdf
2023-05-15,2023-05-21,2023,20,2023-W20.pdf,Epi Week 20: 15th – 21st May 2023,197,8,0,2,automated,2025-12-01T01:11:18.894193,https://ncdc.gov.ng/themes/common/files/sitreps/a7f59aa19043f7f8320fea655f009f52.pdf
2023-05-22,2023-05-28,2023,21,2023-W21.pdf,Epi Week 21: 22nd – 28th May 2023,138,7,0,1,automated,2025-12-01T01:11:19.376945,https://ncdc.gov.ng/themes/common/files/sitreps/c0487b15689b6bc1bc3beddaffd34c30.pdf
2023-05-29,2023-06-04,2023,22,2023-W22.pdf,Epi Week 22: 29th May – 4th June 2023,92,7,0,1,automated,2025-12-01T01:11:19.972647,https://ncdc.gov.ng/themes/common/files/sitreps/9e4140dda75e7d4be341e235b7ea16ec.pdf
2023-06-05,2023-06-11,2023,23,2023-W23.pdf,Epi Week 23: 5th – 11th June 2023,81,1,0,0,automated,2025-12-01T01:11:20.457033,https://ncdc.gov.ng/themes/common/files/sitreps/c95a4f75eb09ae34c2bf9a6ed7bf99b4.pdf
2023-06-12,2023-06-18,2023,24,2023-W24.pdf,,97,1,0,1,manual,,https://ncdc.gov.ng/themes/common/files/sitreps/fd6697fe158c9484cde4bed458df2165.pdf
2023-06-19,2023-06-25,2023,25,2023-W25.pdf,Epi Week 25: 19th – 25th June 2023,149,10,0,3,automated,2025-12-01T01:11:23.435251,https://ncdc.gov.ng/themes/common/files/sitreps/713c5b4b49e63befb2cb822340590859.pdf
2023-06-26,2023-07-02,2023,26,2023-W26.pdf,Epi Week 26: 26th June – 2nd July 2023,90,10,1,0,automated,2025-12-01T01:11:23.919249,https://ncdc.gov.ng/themes/common/files/sitreps/622834a35a4d633df4ff292747c865fe.pdf
2023-07-03,2023-07-09,2023,27,2023-W27.pdf,Epi Week 27: 3rd – 7th July 2023,108,6,1,0,automated,2025-12-01T01:11:24.555191,https://ncdc.gov.ng/themes/common/files/sitreps/7e52697a59d1228b232a6bf47fd84834.pdf
2023-07-10,2023-07-16,2023,28,2023-W28.pdf,Epi Week 28: 10th – 16th July 2023,119,10,0,1,automated,2025-12-01T01:11:25.043686,https://ncdc.gov.ng/themes/common/files/sitreps/1dc69238ca48e48a919c44b880cb31b0.pdf
2023-07-17,2023-07-23,2023,29,2023-W29.pdf,Epi Week 29: 17th – 23rd July 2023,114,9,0,0,automated,2025-12-01T01:11:25.650528,https://ncdc.gov.ng/themes/common/files/sitreps/ae869c8ec811dc23ad0a28c33686f192.pdf
2023-07-24,2023-07-30,2023,30,2023-W30.pdf,Epi Week 30: 24th – 30th July 2023,117,12,0,6,mixed,2025-12-01T01:11:28.052668,https://ncdc.gov.ng/themes/common/files/sitreps/1b40aecdc7a9100797389299b2519a38.pdf
2023-07-31,2023-08-06,2023,31,2023-W31.pdf,Epi Week 31: 31stJuly – 6th August 2023,64,7,0,0,mixed,2025-12-01T01:11:30.640457,https://ncdc.gov.ng/themes/common/files/sitreps/7674d2d603a61fbc2edac539ea2fef2c.pdf
2023-08-07,2023-08-13,2023,32,2023-W32.pdf,Epi Week 32: 7th August – 13th August 2023,94,5,0,1,automated,2025-12-01T01:11:31.129852,https://ncdc.gov.ng/themes/common/files/sitreps/98c3d940753bdb9d9e1d4e351690c326.pdf
2023-08-14,2023-08-20,2023,33,2023-W33.pdf,Epi Week 33: 14th August – 20th August 2023,82,9,0,2,automated,2025-12-01T01:11:31.779957,https://ncdc.gov.ng/themes/common/files/sitreps/34bc687035ef5e8b32d92191165792b7.pdf
2023-08-21,2023-08-27,2023,34,2023-W34.pdf,Epi Week 34: 21st August – 27th August 2023,125,11,0,1,automated,2025-12-01T01:11:32.271919,https://ncdc.gov.ng/themes/common/files/sitreps/7e85289cf55818da6810ebee1f339f8f.pdf
2023-08-28,2023-09-03,2023,35,2023-W35.pdf,Epi Week 35: 28th August – 3rd September 2023,109,6,0,0,automated,2025-12-01T01:11:32.876846,https://ncdc.gov.ng/themes/common/files/sitreps/393479e44be567dfaae3718cceac01ab.pdf
2023-09-04,2023-09-10,2023,36,2023-W36.pdf,Epi Week 36: 4th – 10th September 2023,85,5,0,0,mixed,2025-12-01T01:11:35.297725,https://ncdc.gov.ng/themes/common/files/sitreps/eb3be271ad737d5ef29dd8a52225448d.pdf
2023-09-11,2023-09-17,2023,37,2023-W37.pdf,Epi Week 37: 11th – 17th September 2023,79,4,0,0,mixed,2025-12-01T01:11:37.820562,https://ncdc.gov.ng/themes/common/files/sitreps/bc53df7cded2c21974a9973e0ce17965.pdf
2023-09-18,2023-09-24,2023,38,2023-W38.pdf,Missing file,Null,Null,Null,Null,manual,,https://ncdc.gov.ng/themes/common/files/sitreps/7bff918b81a8e610200b879d929995da.pdf
2023-09-25,2023-10-01,2023,39,2023-W39.pdf,Epi Week 39: 25th September– 1st October 2023,96,9,0,1,automated,2025-12-01T01:11:38.476286,https://ncdc.gov.ng/themes/common/files/sitreps/8ec85b4cc38b1060199aa795b034ea64.pdf
2023-10-02,2023-10-08,2023,40,2023-W40.pdf,Epi Week 40: 2nd – 8th October 2023,67,5,0,3,automated,2025-12-01T01:11:38.998410,https://ncdc.gov.ng/themes/common/files/sitreps/134f4dd53fafa964e4c24846504c3c76.pdf
2023-10-09,2023-10-15,2023,41,2023-W41.pdf,Epi Week 41: 9th – 15th October 2023,103,9,0,3,automated,2025-12-01T01:11:39.504325,https://ncdc.gov.ng/themes/common/files/sitreps/f9594a55d4f6a4e0de239863a1751576.pdf
2023-10-16,2023-10-22,2023,42,2023-W42.pdf,Epi Week 42: 16th – 22nd October 2023,118,9,0,0,automated,2025-12-01T01:11:40.124960,https://ncdc.gov.ng/themes/common/files/sitreps/b3430561c3dc9f7ba19aeaee09c2a5e1.pdf
2023-10-23,2023-10-29,2023,43,2023-W43.pdf,Epi Week 43: 23rd – 29th October 2023,124,3,0,0,automated,2025-12-01T01:11:40.614192,https://ncdc.gov.ng/themes/common/files/sitreps/e9cff4621b13e973b4c2cdc77b11a4c0.pdf
2023-10-30,2023-11-05,2023,44,2023-W44.pdf,Epi Week 44: 30th October – 5th November 2023,117,8,0,0,automated,2025-12-01T01:11:41.106529,https://ncdc.gov.ng/themes/common/files/sitreps/b482bca0c7a383df195855537012c0ce.pdf
2023-11-06,2023-11-12,2023,45,2023-W45.pdf,Epi Week 45: 6th – 12th November 2023,95,12,0,4,automated,2025-12-01T01:11:41.704873,https://ncdc.gov.ng/themes/common/files/sitreps/2979a92c9b699451c798c80ae3e1be82.pdf
2023-11-13,2023-11-19,2023,46,2023-W46.pdf,Epi Week 46: 13th – 19th November 2023,125,17,0,2,automated,2025-12-01T01:11:42.200728,https://ncdc.gov.ng/themes/common/files/sitreps/601a808218115a180e9d282c839b51b6.pdf
2023-11-20,2023-11-26,2023,47,2023-W47.pdf,Epi Week 47: 20th – 26th November 2023,122,11,0,3,automated,2025-12-01T01:11:42.819690,https://ncdc.gov.ng/themes/common/files/sitreps/01c65f02fefea247e0d096de778993c7.pdf
2023-11-27,2023-12-03,2023,48,2023-W48.pdf,Epi Week 48: 27th November– 3rd December 2023,119,16,0,4,automated,2025-12-01T01:11:43.322649,https://ncdc.gov.ng/themes/common/files/sitreps/8bcd2913056c037cbc58d2a0e676f54c.pdf
2023-12-04,2023-12-10,2023,49,2023-W49.pdf,Epi Week 49: 4th – 10th December 2023,165,21,0,5,automated,2025-12-01T01:11:43.822476,https://ncdc.gov.ng/themes/common/files/sitreps/a45cf0bce3cf75b82dc8bde652f33f7f.pdf
2023-12-11,2023-12-17,2023,50,2023-W50.pdf,Epi Week 50: 11th – 17th December 2023,93,10,1,4,automated,2025-12-01T01:11:44.451392,https://ncdc.gov.ng/themes/common/files/sitreps/a5df267ceb133c02b91933ba9ce63431.pdf
2023-12-18,2023-12-24,2023,51,2023-W51.pdf,Epi Week 51: 18th – 24th December 2023,178,26,2,6,automated,2025-12-01T01:11:44.955375,https://ncdc.gov.ng/themes/common/files/sitreps/4e7858362325de8945ef3ecf69d2d440.pdf
2023-12-25,2023-12-31,2023,52,2023-W52.pdf,Epi Week 52: 25th – 31st December 2023,177,43,0,11,automated,2025-12-01T01:11:45.585737,https://ncdc.gov.ng/themes/common/files/sitreps/60b4a539bd9b9852ac1a5059ec0f3433.pdf
2024-01-01,2024-01-07,2024,1,2024-W01.pdf,Epi Week 1: 1st – 7th January 2024,190,53,0,6,automated,2025-12-01T01:11:46.069637,https://ncdc.gov.ng/themes/common/files/sitreps/163cac9f88252f4e06b5b063512262b4.pdf
2024-01-08,2024-01-14,2024,2,2024-W02.pdf,,296,81,0,16,manual,,https://ncdc.gov.ng/themes/common/files/sitreps/8b8bf6f65fd442f2d089922019955cbb.pdf
2024-01-15,2024-01-21,2024,3,2024-W03.pdf,,406,77,3,21,manual,,https://ncdc.gov.ng/themes/common/files/sitreps/77bb5c41d4b2694841c51554510e5fcf.pdf
2024-01-22,2024-01-28,2024,4,2024-W04.pdf,Epi Week 4: 22nd – 28th January 2024,347,47,3,5,automated,2025-12-01T01:11:51.673205,https://ncdc.gov.ng/themes/common/files/sitreps/dbe3c973ec2bc07e75941caf7ee12a4d.pdf
2024-01-29,2024-02-04,2024,5,2024-W05.pdf,Epi Week 5: 29th January– 4th February 2024,429,70,3,15,automated,2025-12-01T01:11:52.125225,https://ncdc.gov.ng/themes/common/files/sitreps/546ce6b93544ae1acdd270482eb5067e.pdf
2024-02-05,2024-02-11,2024,6,2024-W06.pdf,Epi Week 6: 5th – 11th February 2024,453,83,0,9,automated,2025-12-01T01:11:52.619130,https://ncdc.gov.ng/themes/common/files/sitreps/8a0ec23ad67a7a2fed558574e3a9ce7e.pdf
2024-02-12,2024-02-18,2024,7,2024-W07.pdf,Epi Week 7: 12th – 18th February 2024,507,66,0,13,automated,2025-12-01T01:11:53.002953,https://ncdc.gov.ng/themes/common/files/sitreps/3702b20687cb7bea4834b4a2db1a13ac.pdf
2024-02-19,2024-02-25,2024,8,2024-W08.pdf,Epi Week 8: 19th – 25th February 2024,585,96,3,23,automated,2025-12-01T01:11:53.456298,https://ncdc.gov.ng/themes/common/files/sitreps/5b306da6313123f8265283fdfc916d8c.pdf
2024-02-26,2024-03-03,2024,9,2024-W09.pdf,Epi Week 9: 26th February– 3rd March 2024,694,109,0,20,automated,2025-12-01T01:11:54.036657,https://ncdc.gov.ng/themes/common/files/sitreps/771095edb4d02d5965b888ad21b43244.pdf
2024-03-04,2024-03-10,2024,10,2024-W10.pdf,Epi Week 10: 4th – 10th March 2024,490,50,0,10,automated,2025-12-01T01:11:54.486923,https://ncdc.gov.ng/themes/common/files/sitreps/865a02f480603684deec0985d34b4af3.pdf
2024-03-11,2024-03-17,2024,11,2024-W11.pdf,Epi Week 11: 11th – 17th March 2024,325,35,0,4,automated,2025-12-01T01:11:55.058075,https://ncdc.gov.ng/themes/common/files/sitreps/791c808243b0838371d6917f12c5d565.pdf
2024-03-18,2024-03-24,2024,12,2024-W12.pdf,Epi Week 12: 18th – 24th March 2024,303,25,0,6,automated,2025-12-01T01:11:55.550844,https://ncdc.gov.ng/themes/common/files/sitreps/44fa0f278f25180d5206ce53c964f490.pdf
2024-03-25,2024-03-31,2024,13,2024-W13.pdf,,266,15,0,1,manual,,https://ncdc.gov.ng/themes/common/files/sitreps/1aabc83ea46f825a772894b4a53ab870.pdf
2024-04-01,2024-04-07,2024,14,2024-W14.pdf,Epi Week 14: 1st – 7th April 2024,180,11,0,0,automated,2025-12-01T01:11:58.541777,https://ncdc.gov.ng/themes/common/files/sitreps/5eef9af2eb3577d6473b13f6daaa58b8.pdf
2024-04-08,2024-04-14,2024,15,2024-W15.pdf,Epi Week 15: 8th – 14th April 2024,188,15,0,1,automated,2025-12-01T01:11:59.154728,https://ncdc.gov.ng/themes/common/files/sitreps/9fbe087b759706fc2edfd67e8999cf52.pdf
2024-04-15,2024-04-21,2024,16,2024-W16.pdf,Epi Week 17: 22nd – 28th April 2024,135,14,0,1,automated,2025-12-01T01:11:59.610244,https://ncdc.gov.ng/themes/common/files/sitreps/ea1bb56e795d90f28c78d38cfc3b2284.pdf
2024-04-22,2024-04-28,2024,17,2024-W17.pdf,Epi Week 17: 22nd – 28th April 2024,135,14,0,1,automated,2025-12-01T01:12:00.063421,https://ncdc.gov.ng/themes/common/files/sitreps/ea1bb56e795d90f28c78d38cfc3b2284.pdf
2024-04-29,2024-05-05,2024,18,2024-W18.pdf,Epi Week 18: 29th April – 5th May 2024,143,12,0,1,automated,2025-12-01T01:12:00.644250,https://ncdc.gov.ng/themes/common/files/sitreps/0a5b79cb766a64f93a8f2e2738b29656.pdf
2024-05-06,2024-05-12,2024,19,2024-W19.pdf,Epi Week 19: 6th – 12th May 2024,120,14,0,3,automated,2025-12-01T01:12:01.097475,https://ncdc.gov.ng/themes/common/files/sitreps/dca58aa670efeac35dd915e6a6bdaf2c.pdf
2024-05-13,2024-05-19,2024,20,2024-W20.pdf,Epi Week 20: 13th – 19th May 2024,119,4,0,2,automated,2025-12-01T01:12:01.701133,https://ncdc.gov.ng/themes/common/files/sitreps/288045e09091e2b954f6e8d2c26eabcc.pdf
2024-05-20,2024-05-26,2024,21,2024-W21.pdf,Epi Week 21: 20th – 26th May 2024,119,10,0,0,automated,2025-12-01T01:12:02.186158,https://ncdc.gov.ng/themes/common/files/sitreps/660fee31cd7bc5b0fb59481dd4126c50.pdf
2024-05-27,2024-06-02,2024,22,2024-W22.pdf,,128,10,0,0,manual,,https://ncdc.gov.ng/themes/common/files/sitreps/e1ca38bacd44651afe2a90c4d6b89e2a.pdf
2024-06-03,2024-06-09,2024,23,2024-W23.pdf,Epi Week 23: 3rd – 9th June 2024,112,4,0,0,automated,2025-12-01T01:12:05.184826,https://ncdc.gov.ng/themes/common/files/sitreps/9ee88a22bf981dead26e6795ea3f8fd0.pdf
2024-06-10,2024-06-16,2024,24,2024-W24.pdf,Epi Week 24: 10th – 16th June 2024,124,7,0,0,automated,2025-12-01T01:12:05.802307,https://ncdc.gov.ng/themes/common/files/sitreps/1eb24fee275466e4675d0c558538c5bb.pdf
2024-06-17,2024-06-23,2024,25,2024-W25.pdf,,74,2,0,0,manual,,https://ncdc.gov.ng/themes/common/files/sitreps/b504223c6cfc42faba0f73b8f44cf7f0.pdf
2024-06-24,2024-06-30,2024,26,2024-W26.pdf,,117,8,0,0,manual,,https://ncdc.gov.ng/themes/common/files/sitreps/b21e2fbaf35c67370488320234f0b5cb.pdf
2024-07-01,2024-07-07,2024,27,2024-W27.pdf,,102,5,0,1,manual,,https://ncdc.gov.ng/themes/common/files/sitreps/5f0b9d75befc8ec93a94b3940837a4f8.pdf
2024-07-08,2024-07-14,2024,28,2024-W28.pdf,,126,7,0,0,manual,,https://ncdc.gov.ng/themes/common/files/sitreps/64d6756b417890807be0f8c4bccc1bb0.pdf
2024-07-15,2024-07-21,2024,29,2024-W29.pdf,,160,11,0,0,manual,,https://ncdc.gov.ng/themes/common/files/sitreps/344e68ee3739d342f4d6bb1e9cceb128.pdf
2024-07-22,2024-07-28,2024,30,2024-W30.pdf,,111,7,0,0,manual,,https://ncdc.gov.ng/themes/common/files/sitreps/8204f6b1384af03de41a79f9e0553bfc.pdf
2024-07-29,2024-08-04,2024,31,2024-W31.pdf,Epi Week 31: 29th July – 4th August 2024,85,3,0,1,automated,2025-12-01T01:12:21.230336,https://ncdc.gov.ng/themes/common/files/sitreps/a6999d49053a25bc7882a06fa81cfe1e.pdf
2024-08-05,2024-08-11,2024,32,2024-W32.pdf,Epi Week 32: 5th – 11th August 2024,164,10,0,0,automated,2025-12-01T01:12:21.864184,https://ncdc.gov.ng/themes/common/files/sitreps/cf560b7e397cb8f9bf9174ca31d092b7.pdf
2024-08-12,2024-08-18,2024,33,2024-W33.pdf,Epi Week 33: 12th – 18th August 2024,126,8,0,2,automated,2025-12-01T01:12:22.353941,https://ncdc.gov.ng/themes/common/files/sitreps/0272ed7be84c61cc890f3dcd67c4bdcc.pdf
2024-08-19,2024-08-25,2024,34,2024-W34.pdf,Epi Week 34: 19th – 25th August 2024,80,3,0,0,automated,2025-12-01T01:12:22.954120,https://ncdc.gov.ng/themes/common/files/sitreps/2de8007a4a8063517fe7216c71530289.pdf
2024-08-26,2024-09-01,2024,35,2024-W35.pdf,Epi Week 35: 26th August– 1st September 2024,79,11,0,1,automated,2025-12-01T01:12:23.451972,https://ncdc.gov.ng/themes/common/files/sitreps/4989db9eca1f8ff7cb97c1f191260be0.pdf
2024-09-02,2024-09-08,2024,36,2024-W36.pdf,Epi Week 36: 2nd – 8th September 2024,87,7,0,0,automated,2025-12-01T01:12:23.940659,https://ncdc.gov.ng/themes/common/files/sitreps/63bab26900ca4beb3b9b6827632777de.pdf
2024-09-09,2024-09-15,2024,37,2024-W37.pdf,Epi Week 37: 9th – 15th September 2024,115,5,0,1,automated,2025-12-01T01:12:24.563250,https://ncdc.gov.ng/themes/common/files/sitreps/7ef98dd290a65f04f1b1a3c5914c9b0c.pdf
2024-09-16,2024-09-22,2024,38,2024-W38.pdf,Epi Week 38: 16th – 22nd September 2024,70,4,0,1,automated,2025-12-01T01:12:25.017657,https://ncdc.gov.ng/themes/common/files/sitreps/16fa44e88eb1be9b49c7d6ad5166c722.pdf
2024-09-23,2024-09-29,2024,39,2024-W39.pdf,Epi Week 39: 23rd – 29th September 2024,90,9,0,1,automated,2025-12-01T01:12:25.585649,https://ncdc.gov.ng/themes/common/files/sitreps/f05dc05cd9a8bfcf8115db65b60a98ae.pdf
2024-09-30,2024-10-06,2024,40,2024-W40.pdf,Epi Week 40: 30th September – 6th October 2024,73,7,0,2,automated,2025-12-01T01:12:26.028742,https://ncdc.gov.ng/themes/common/files/sitreps/80c9c7639fc9e969a1c470518308a7dd.pdf
2024-10-07,2024-10-13,2024,41,2024-W41.pdf,Epi Week 41: 7th – 13th October 2024,85,10,0,0,automated,2025-12-01T01:12:26.487910,https://ncdc.gov.ng/themes/common/files/sitreps/781e41484270a1cc24a7e5655af395df.pdf
2024-10-14,2024-10-20,2024,42,2024-W42.pdf,Epi Week 42: 14th – 20th October 2024,112,12,0,0,automated,2025-12-01T01:12:27.121883,https://ncdc.gov.ng/themes/common/files/sitreps/05156a13ec688981cc19e4d11108e8aa.pdf
2024-10-21,2024-10-27,2024,43,2024-W43.pdf,Epi Week 43: 21st – 27th October 2024,99,8,0,1,automated,2025-12-01T01:12:27.640165,https://ncdc.gov.ng/themes/common/files/sitreps/0c7a93380102de75e327513ea6a405e6.pdf
2024-10-28,2024-11-03,2024,44,2024-W44.pdf,Epi Week 44: 28th October – 3rd November 2024,70,4,0,0,automated,2025-12-01T01:12:28.264433,https://ncdc.gov.ng/themes/common/files/sitreps/911e458b3f01506aea70a408f43161a5.pdf
2024-11-04,2024-11-10,2024,45,2024-W45.pdf,Epi Week 45: 4th – 10th November 2024,109,10,0,0,automated,2025-12-01T01:12:28.803517,https://ncdc.gov.ng/themes/common/files/sitreps/0aa015568b0325ccac29573ecf89b8fd.pdf
2024-11-11,2024-11-17,2024,46,2024-W46.pdf,Epi Week 46: 11th – 17th November 2024,123,8,0,0,automated,2025-12-01T01:12:29.304742,https://ncdc.gov.ng/themes/common/files/sitreps/1f6833689c121d72ba41839554164d6a.pdf
2024-11-18,2024-11-24,2024,47,2024-W47.pdf,Epi Week 47: 18th – 24th November 2024,133,12,0,4,automated,2025-12-01T01:12:29.935726,https://ncdc.gov.ng/themes/common/files/sitreps/710c10d1248bdad4de05d44db991d1d5.pdf
2024-11-25,2024-12-01,2024,48,2024-W48.pdf,Epi Week 48: 25th November– 1st December 2024,140,26,3,5,automated,2025-12-01T01:12:30.442416,https://ncdc.gov.ng/themes/common/files/sitreps/faef7bf3bf32d686a2eb4c462c99ac97.pdf
2024-12-02,2024-12-08,2024,49,2024-W49.pdf,Epi Week 49: 2nd – 8th December 2024,157,39,0,6,automated,2025-12-01T01:12:31.082658,https://ncdc.gov.ng/themes/common/files/sitreps/ebc66f0db1f2ac955fa991a6fcdf61ca.pdf
2024-12-09,2024-12-15,2024,50,2024-W50.pdf,Epi Week 50: 9th – 15th December 2024,193,33,0,1,automated,2025-12-01T01:12:31.590170,https://ncdc.gov.ng/themes/common/files/sitreps/8de8aa6497873b55a1011465a2b92902.pdf
2024-12-16,2024-12-22,2024,51,2024-W51.pdf,Epi Week 51: 16th – 22nd December 2024,187,50,0,11,automated,2025-12-01T01:12:32.108049,https://ncdc.gov.ng/themes/common/files/sitreps/d0296af1f291289fb1fa7d686d1faa32.pdf
2024-12-23,2024-12-29,2024,52,2024-W52.pdf,Epi Week 52: 23rd – 29th December 2024,226,70,3,11,automated,2025-12-01T01:12:32.750056,https://ncdc.gov.ng/themes/common/files/sitreps/a45a720bd6ddd1e75a5a3e7e6195e412.pdf
2024-12-30,2025-01-05,2025,1,2025-W01.pdf,Epi Week 1: 30th December 2024 – 5th January 2025,196,54,0,10,automated,2025-12-01T01:12:33.250174,https://ncdc.gov.ng/themes/common/files/sitreps/1bded1685f8dc4961a169a274be138c2.pdf
2025-01-06,2025-01-12,2025,2,2025-W02.pdf,Epi Week 2: 6th – 12th January 2025,290,89,0,12,automated,2025-12-01T01:12:33.756286,https://ncdc.gov.ng/themes/common/files/sitreps/4fb9445cb9e30a27518dfca3224b0c1f.pdf
2025-01-13,2025-01-19,2025,3,2025-W03.pdf,Epi Week 3: 13th – 19th January 2025,359,71,0,17,automated,2025-12-01T01:12:34.376856,https://ncdc.gov.ng/themes/common/files/sitreps/f5f00c41816f216f0118481848a57699.pdf
2025-01-20,2025-01-26,2025,4,2025-W04.pdf,Epi Week 4: 20th – 26th January 2025,328,76,0,12,automated,2025-12-01T01:12:34.872710,https://ncdc.gov.ng/themes/common/files/sitreps/8f9df00ca43527c4507c6b1db208cd3b.pdf
2025-01-27,2025-02-02,2025,5,2025-W05.pdf,Epi Week 5: 27th January– 2nd February 2025,379,68,0,17,automated,2025-12-01T01:12:35.484115,https://ncdc.gov.ng/themes/common/files/sitreps/2461908c2038dda5866c159c5146ab03.pdf
2025-02-03,2025-02-09,2025,6,2025-W06.pdf,Epi Week 6: 3rd – 9th February 2025,363,54,0,10,automated,2025-12-01T01:12:35.987449,https://ncdc.gov.ng/themes/common/files/sitreps/d84698b45d03dafb399e97fa8379c4d5.pdf
2025-02-10,2025-02-16,2025,7,2025-W07.pdf,Epi Week 7: 10th – 16th February 2025,267,38,0,9,automated,2025-12-01T01:12:36.379872,https://ncdc.gov.ng/themes/common/files/sitreps/fef1494f70b0a5330dc39f362b6c5dd6.pdf
2025-02-17,2025-02-23,2025,8,2025-W08.pdf,Epi Week 8: 17th – 23rd February 2025,314,54,0,6,automated,2025-12-01T01:12:37.013311,https://ncdc.gov.ng/themes/common/files/sitreps/7be5c90f4529e8facefb0df1702374a3.pdf
2025-02-24,2025-03-02,2025,9,2025-W09.pdf,Epi Week 9: 24th February– 2nd March 2025,236,29,0,5,automated,2025-12-01T01:12:37.523033,https://ncdc.gov.ng/themes/common/files/sitreps/f8d434bb9371973f7fa3f097d381c83e.pdf
2025-03-03,2025-03-09,2025,10,2025-W10.pdf,Epi Week 10: 3rd – 9th March 2025,232,28,1,3,automated,2025-12-01T01:12:38.146713,https://ncdc.gov.ng/themes/common/files/sitreps/d6108967136678d07af6d2495112cc93.pdf
2025-03-10,2025-03-16,2025,11,2025-W11.pdf,Epi Week 11: 10th – 16th March 2025,262,40,0,10,automated,2025-12-01T01:12:38.694203,https://ncdc.gov.ng/themes/common/files/sitreps/fa454efab576bc6a9e540003907b9025.pdf
2025-03-17,2025-03-23,2025,12,2025-W12.pdf,Epi Week 12: 17th – 23rd March 2025,262,41,1,6,automated,2025-12-01T01:12:39.216653,https://ncdc.gov.ng/themes/common/files/sitreps/f584060364d537ad3f332aa185b5513d.pdf
2025-03-24,2025-03-30,2025,13,2025-W13.pdf,Epi Week 13: 24th – 30th March 2025,315,14,0,3,automated,2025-12-01T01:12:39.857999,https://ncdc.gov.ng/themes/common/files/sitreps/fac2ebeb767cd3f68a0dcf5ef03d83a5.pdf
2025-03-31,2025-04-06,2025,14,2025-W14.pdf,Epi Week 14: 31st March – 6th April 2025,246,15,0,5,automated,2025-12-01T01:12:40.373232,https://ncdc.gov.ng/themes/common/files/sitreps/989549e00cb6d5f5f452188dd2a3f172.pdf
2025-04-07,2025-04-13,2025,15,2025-W15.pdf,Epi Week 15: 7th – 13th April 2025,231,12,0,1,automated,2025-12-01T01:12:41.015806,https://ncdc.gov.ng/themes/common/files/sitreps/a128370a130043e5cb28adadf3695333.pdf
2025-04-14,2025-04-20,2025,16,2025-W16.pdf,Epi Week 16: 14th – 20th April 2025,258,10,0,3,automated,2025-12-01T01:12:41.522449,https://ncdc.gov.ng/themes/common/files/sitreps/9cff3b3bd159dec6021abf7991ca3907.pdf
2025-04-21,2025-04-27,2025,17,2025-W17.pdf,Epi Week 17: 21st – 27th April 2025,160,11,0,3,automated,2025-12-01T01:12:42.026728,https://ncdc.gov.ng/themes/common/files/sitreps/1f9e7904281a1212851763a4fb0a07d4.pdf
2025-04-28,2025-05-04,2025,18,2025-W18.pdf,Epi Week 18: 28th April – 4th May 2025,209,10,0,3,automated,2025-12-01T01:12:42.663657,https://ncdc.gov.ng/themes/common/files/sitreps/b96af4fbec2627dc1eca4b400343860e.pdf
2025-05-05,2025-05-11,2025,19,2025-W19.pdf,Epi Week 19: 5th – 11th May 2025,82,3,0,2,automated,2025-12-01T01:12:43.179507,https://ncdc.gov.ng/themes/common/files/sitreps/75d6383a349cd68e560d9d6586ba2d18.pdf
2025-05-12,2025-05-18,2025,20,2025-W20.pdf,Epi Week 20: 12th – 18th May 2025,155,13,0,1,automated,2025-12-01T01:12:43.815752,https://ncdc.gov.ng/themes/common/files/sitreps/b2fba7b3b04f94dcf90281fed621b99a.pdf
2025-05-19,2025-05-25,2025,21,2025-W21.pdf,Epi Week 21: 19th – 25th May 2025,124,6,0,0,automated,2025-12-01T01:12:44.322693,https://ncdc.gov.ng/themes/common/files/sitreps/c398356c72062146d7573f4ec16c219e.pdf
2025-05-26,2025-06-01,2025,22,2025-W22.pdf,Epi Week 22: 26th May – 1st June 2025,155,8,0,0,automated,2025-12-01T01:12:44.826652,https://ncdc.gov.ng/themes/common/files/sitreps/573e9c67be359f1c204e1fa1095ca796.pdf
2025-06-02,2025-06-08,2025,23,2025-W23.pdf,Epi Week 23: 2nd – 8th June 2025,146,11,0,1,automated,2025-12-01T01:12:45.467703,https://ncdc.gov.ng/themes/common/files/sitreps/7b65e9135fa79ffb3700a69aed6102bd.pdf
2025-06-09,2025-06-15,2025,24,2025-W24.pdf,Epi Week 24: 9th – 15th June 2025,138,8,0,2,automated,2025-12-01T01:12:45.978823,https://ncdc.gov.ng/themes/common/files/sitreps/17f59c56d38345b9f7de4c38b5838e4d.pdf
2025-06-16,2025-06-22,2025,25,2025-W25.pdf,Epi Week 25: 16th – 22nd June 2025,197,10,0,0,automated,2025-12-01T01:12:46.593263,https://ncdc.gov.ng/themes/common/files/sitreps/adc1cf16209e291bef9951dbd8e29148.pdf
2025-06-23,2025-06-29,2025,26,2025-W26.pdf,Epi Week 26: 23rd – 29th June 2025,148,9,0,3,automated,2025-12-01T01:12:47.141005,https://ncdc.gov.ng/themes/common/files/sitreps/0af4baa92621f81bb9b88375fa0366fa.pdf
2025-06-30,2025-07-06,2025,27,2025-W27.pdf,Epi Week 27: 30th June – 6th July 2025,149,11,0,3,automated,2025-12-01T01:12:47.645529,https://ncdc.gov.ng/themes/common/files/sitreps/f71674b95faa623bb9842d7f8603775a.pdf
2025-07-07,2025-07-13,2025,28,2025-W28.pdf,Epi Week 28: 7th – 13th July 2025,265,11,0,1,automated,2025-12-01T01:12:48.282771,https://ncdc.gov.ng/themes/common/files/sitreps/953e057e6d9e1773395f58004c1fdc65.pdf
2025-07-14,2025-07-20,2025,29,2025-W29.pdf,Epi Week 29: 14th – 20th July 2025,120,11,0,3,automated,2025-12-01T01:12:48.833854,https://ncdc.gov.ng/themes/common/files/sitreps/6b00dee2daebb22ba349bc3cc6664840.pdf
2025-07-21,2025-07-27,2025,30,2025-W30.pdf,Epi Week 30: 21st – 27th July 2025,91,3,0,0,automated,2025-12-01T01:12:49.331097,https://ncdc.gov.ng/themes/common/files/sitreps/3560e6789d452acc5b8ecc6fb772829e.pdf
2025-07-28,2025-08-03,2025,31,2025-W31.pdf,Epi Week 31: 28th July – 3rd August 2025,96,9,0,1,automated,2025-12-01T01:12:49.955463,https://ncdc.gov.ng/themes/common/files/sitreps/2315e23e53aee258f9e0bea4c071bf14.pdf
2025-08-04,2025-08-10,2025,32,2025-W32.pdf,Epi Week 32: 4th – 10th August 2025,86,12,0,3,automated,2025-12-01T01:12:50.466220,https://ncdc.gov.ng/themes/common/files/sitreps/bd740aca13b8e8b3d1f843595d194592.pdf
2025-08-11,2025-08-17,2025,33,2025-W33.pdf,Epi Week 33: 11th – 17th August 2025,94,5,0,0,automated,2025-12-01T01:12:51.098050,https://ncdc.gov.ng/themes/common/files/sitreps/aa4bc98fb7a8256a02bfad73167c5575.pdf
2025-08-18,2025-08-24,2025,34,2025-W34.pdf,Epi Week 34: 18th – 24th August 2025,126,3,0,1,automated,2025-12-01T01:12:51.598894,https://ncdc.gov.ng/themes/common/files/sitreps/01fa4b52589086bf75895be3d6946b56.pdf
2025-08-25,2025-08-31,2025,35,2025-W35.pdf,Epi Week 35: 25th – 31st August 2025,125,10,0,2,automated,2025-12-01T01:12:52.105212,https://ncdc.gov.ng/themes/common/files/sitreps/c2d64b8e1e79e9c567f64e162bc4c7e8.pdf
2025-09-01,2025-09-07,2025,36,2025-W36.pdf,Epi Week 36: 1st – 7th September 2025,147,13,0,2,automated,2025-12-01T01:12:52.742769,https://ncdc.gov.ng/themes/common/files/sitreps/1c71b9e603060417404f0ecc9aabd746.pdf
2025-09-08,2025-09-14,2025,37,2025-W37.pdf,Epi Week 37: 8th – 14th September 2025,146,11,0,2,automated,2025-12-01T01:12:53.252734,https://ncdc.gov.ng/themes/common/files/sitreps/8ce0c6f500bad860e93baa694da23a62.pdf
2025-09-15,2025-09-21,2025,38,2025-W38.pdf,Epi Week 38: 15th – 21st September 2025,118,11,0,2,automated,2025-12-01T01:12:53.753671,https://ncdc.gov.ng/themes/common/files/sitreps/bc2702d096dea7bcb5f8cb520aefba7c.pdf
2025-09-22,2025-09-28,2025,39,2025-W39.pdf,Epi Week 39: 22nd – 28th September 2025,115,4,0,0,automated,2025-12-01T01:12:54.383886,https://ncdc.gov.ng/themes/common/files/sitreps/29888ec0c2dd10ca4cf0bef3814d0a81.pdf
2025-09-29,2025-10-05,2025,40,2025-W40.pdf,Epi Week 40: 29th September – 5th October 2025,117,13,0,4,automated,2025-12-01T01:12:54.873297,https://ncdc.gov.ng/themes/common/files/sitreps/ded728ef465f33739ad7928d327a2929.pdf
2025-10-06,2025-10-12,2025,41,2025-W41.pdf,Epi Week 41: 6th – 12th October 2025,100,11,0,2,automated,2025-12-01T01:12:55.493913,https://ncdc.gov.ng/themes/common/files/sitreps/68f0ee9000f3084b74ed892be0d3f79f.pdf
2025-10-13,2025-10-19,2025,42,2025-W42.pdf,Epi Week 42: 13th – 19th October 2025,116,9,0,1,automated,2025-12-01T01:12:56.002910,https://ncdc.gov.ng/themes/common/files/sitreps/91f559d691c7cd411f7058f1496eef6f.pdf
2025-10-20,2025-10-26,2025,43,2025-W43.pdf,Epi Week 43: 20th – 26th October 2025,97,11,0,1,automated,2025-12-01T01:12:56.505757,https://ncdc.gov.ng/themes/common/files/sitreps/55b33161bbfe39fd72039808875e5c45.pdf
2025-10-27,2025-11-02,2025,44,2025-W44.pdf,Epi Week 44: 27th October–2nd November 2025,94,12,0,1,automated,2025-12-01T01:12:57.136418,https://ncdc.gov.ng/themes/common/files/sitreps/9910b5860f5b9c377cf14a8992d6905b.pdf
2025-11-03,2025-11-09,2025,45,2025-W45.pdf,Epi Week 45: 3rd–9th November 2025,84,10,0,1,automated,2025-12-01T01:12:57.641656,https://ncdc.gov.ng/themes/common/files/sitreps/471dd6384cd4f288167c0881efee40ee.pdf
2025-11-10,2025-11-16,2025,46,2025-W46.pdf,Epi Week 46: 10th–16th November 2025,123,19,0,6,automated,2025-12-01T01:12:58.267350,https://ncdc.gov.ng/themes/common/files/sitreps/65b81d453825965fc88b202a61101c4f.pdf